image_id,label_code,class_name,xmin,ymin,xmax,ymax,score
test1.jpg,3,car,0.0,0.0,35.00000014901161,35.00000014901161,0.8999999761581421
test1.jpg,3,car,0.0,0.0,35.00000014901161,35.00000014901161,0.8999999761581421
